Site ID,Name,Principal Investigator,Data Use Policy,AmeriFlux BASE Data,AmeriFlux FLUXNET Data,Vegetation Abbreviation (IGBP),Vegetation Description (IGBP),Climate Class Abbreviation (Koeppen),Climate Class Description (Koeppen),Mean Average Precipitation (mm),Mean Average Temperature (degrees C),Country,Latitude (degrees),Longitude (degrees),Elevation (m),Number of years of AmeriFlux BASE data,AmeriFlux BASE Data Start,AmeriFlux BASE Data End,Years of AmeriFlux BASE Data,AmeriFlux BASE DOI,AmeriFlux FLUXNET Data Start,AmeriFlux FLUXNET Data End,Years of AmeriFlux FLUXNET Data,AmeriFlux FLUXNET DOI,Site Start,Site End,BASE variables available,
CA-Cbo,"Ontario - Mixed Deciduous, Borden Forest Site",Ralf Staebler (Ralf.Staebler@ec.gc.ca),CC-BY-4.0,Yes,Yes,DBF,Deciduous Broadleaf Forests: Lands dominated by woody vegetation with a percent cover >60% and height exceeding 2 meters.  Consists of broadleaf tree communities with an annual cycle of leaf-on and leaf-off periods.,Dfb,Warm Summer Continental: significant precipitation in all seasons ,876.34,6.66,Canada,44.3184,-79.9341,210,31,1994,2024,"1994, 1995, 1996, 1997, 1998, 1999, 2000, 2001, 2002, 2003, 2004, 2005, 2006, 2007, 2008, 2009, 2010, 2011, 2012, 2013, 2014, 2015, 2016, 2017, 2018, 2019, 2020, 2021, 2022, 2023, 2024",https://doi.org/10.17190/AMF/1498755,1994,2020,"1994, 1995, 1996, 1997, 1998, 1999, 2000, 2001, 2002, 2003, 2004, 2005, 2006, 2007, 2008, 2009, 2010, 2011, 2012, 2013, 2014, 2015, 2016, 2017, 2018, 2019, 2020",https://doi.org/10.17190/AMF/1854365,1995,,"CH4, CO, CO2, CO2_SIGMA, FC, FCH4, FO3, G, H, H2O, LE, LEAF_WET, LW_IN, LW_OUT, NEE, NETRAD, O3, PA, PPFD_IN, PPFD_OUT, RH, SC, SO2, SWC, SW_IN, SW_OUT, TA, T_BOLE, TS, T_SONIC, USTAR, WD, WS, W_SIGMA",
CA-LP1,British Columbia - Mountain pine beetle-attacked lodgepole pine stand ,Thomas Andrew Black (andrew.black@ubc.ca),CC-BY-4.0,Yes,Yes,ENF,Evergreen Needleleaf Forests: Lands dominated by woody vegetation with a percent cover >60% and height exceeding 2 meters. Almost all trees remain green all year. Canopy is never without green foliage.,Csa,"Mediterranean: mild with dry, hot summer",570,2,Canada,55.1119,-122.8414,751,18,2007,2024,"2007, 2008, 2009, 2010, 2011, 2012, 2013, 2014, 2015, 2016, 2017, 2018, 2019, 2020, 2021, 2022, 2023, 2024",https://doi.org/10.17190/AMF/1660337,2007,2022,"2007, 2008, 2009, 2010, 2011, 2012, 2013, 2014, 2015, 2016, 2017, 2018, 2019, 2020, 2021, 2022",https://doi.org/10.17190/AMF/1832155,2007,,"CO2, FC, G, GPP, H, H2O, LE, LW_IN, LW_OUT, NEE, NETRAD, P, PA, PPFD_IN, PPFD_OUT, RECO, RH, SC, SWC, SW_IN, SW_OUT, TA, TS, T_SONIC, T_SONIC_SIGMA, USTAR, VPD, WD, WS",
CA-SCC,Scotty Creek Landscape,Oliver Sonnentag (oliver.sonnentag@umontreal.ca),CC-BY-4.0,Yes,Yes,ENF,Evergreen Needleleaf Forests: Lands dominated by woody vegetation with a percent cover >60% and height exceeding 2 meters. Almost all trees remain green all year. Canopy is never without green foliage.,Dfc,"Subarctic: severe winter, no dry season, cool summer",387.6,-2.8,Canada,61.3079,-121.2992,285,12,2013,2024,"2013, 2014, 2015, 2016, 2017, 2018, 2019, 2020, 2021, 2022, 2023, 2024",https://doi.org/10.17190/AMF/1480303,2013,2016,"2013, 2014, 2015, 2016",https://doi.org/10.17190/AMF/2469440,2013,,"ALB, CO2, D_SNOW, FC, FCH4, FCH4_SSITC_TEST, FC_SSITC_TEST, G, GPP, H, H2O, H_SSITC_TEST, LE, LE_SSITC_TEST, LW_IN, LW_OUT, MO_LENGTH, NEE, P, PA, PPFD_IN, PPFD_OUT, RECO, RH, SC, SCH4, SH, SLE, SWC, SW_IN, SW_OUT, TA, TAU, TS, T_SONIC, U_SIGMA, USTAR, VPD, V_SIGMA, WD, WS, W_SIGMA, WS_MAX, ZL",
CA-SJ2,"Saskatchewan - Western Boreal, Jack Pine forest harvested in 2002",Alan Barr (alan.barr@usask.ca),CC-BY-4.0,Yes,No,ENF,Evergreen Needleleaf Forests: Lands dominated by woody vegetation with a percent cover >60% and height exceeding 2 meters. Almost all trees remain green all year. Canopy is never without green foliage.,Dfc,"Subarctic: severe winter, no dry season, cool summer",430.03,0.11,Canada,53.945,-104.649,580,9,2002,2010,"2002, 2003, 2004, 2005, 2006, 2007, 2008, 2009, 2010",https://doi.org/10.17190/AMF/1436321,,,,,2003,,"CO2, D_SNOW, FC, G, GPP, H, H2O, LE, LEAF_WET, LW_IN, LW_OUT, NEE, NETRAD, P, PA, PPFD_IN, PPFD_OUT, P_RAIN, RECO, RH, SG, SH, SLE, SWC, SW_IN, SW_OUT, TA, TS, TSN, USTAR, WD, WS",
CA-TP1,Ontario - Turkey Point 2002 Plantation White Pine,M. Altaf Arain (arainm@mcmaster.ca),CC-BY-4.0,Yes,Yes,ENF,Evergreen Needleleaf Forests: Lands dominated by woody vegetation with a percent cover >60% and height exceeding 2 meters. Almost all trees remain green all year. Canopy is never without green foliage.,Dfb,Warm Summer Continental: significant precipitation in all seasons ,1036,8,Canada,42.6609,-80.5595,265,22,2002,2023,"2002, 2003, 2004, 2005, 2006, 2007, 2008, 2009, 2010, 2011, 2012, 2013, 2014, 2015, 2016, 2017, 2018, 2019, 2020, 2021, 2022, 2023",https://doi.org/10.17190/AMF/1246009,2002,2023,"2002, 2003, 2004, 2005, 2006, 2007, 2008, 2009, 2010, 2011, 2012, 2013, 2014, 2015, 2016, 2017, 2018, 2019, 2020, 2021, 2022, 2023",https://doi.org/10.17190/AMF/2006962,2003,,"CO2, FC, G, GPP, H, H2O, LE, NEE, NETRAD, P, PA, PPFD_IN, PPFD_OUT, P_RAIN, RECO, RH, SC, SH, SWC, SW_IN, TA, TS, USTAR, VPD, V_SIGMA, WD, WS, W_SIGMA",
CA-TP3,Ontario - Turkey Point 1974 Plantation White Pine,M. Altaf Arain (arainm@mcmaster.ca),CC-BY-4.0,Yes,Yes,ENF,Evergreen Needleleaf Forests: Lands dominated by woody vegetation with a percent cover >60% and height exceeding 2 meters. Almost all trees remain green all year. Canopy is never without green foliage.,Dfb,Warm Summer Continental: significant precipitation in all seasons ,1036,8,Canada,42.7068,-80.3483,184,22,2002,2023,"2002, 2003, 2004, 2005, 2006, 2007, 2008, 2009, 2010, 2011, 2012, 2013, 2014, 2015, 2016, 2017, 2018, 2019, 2020, 2021, 2022, 2023",https://doi.org/10.17190/AMF/1246011,2002,2017,"2002, 2003, 2004, 2005, 2006, 2007, 2008, 2009, 2010, 2011, 2012, 2013, 2014, 2015, 2016, 2017",https://doi.org/10.17190/AMF/1881566,2003,,"CO2, FC, G, GPP, H, H2O, LE, NEE, NETRAD, P, PA, PPFD_BC_IN, PPFD_IN, PPFD_OUT, RECO, RH, SC, SH, SWC, SW_IN, TA, TS, USTAR, VPD, V_SIGMA, WD, WS, W_SIGMA",
CA-TP4,Ontario - Turkey Point 1939 Plantation White Pine,M. Altaf Arain (arainm@mcmaster.ca),CC-BY-4.0,Yes,No,ENF,Evergreen Needleleaf Forests: Lands dominated by woody vegetation with a percent cover >60% and height exceeding 2 meters. Almost all trees remain green all year. Canopy is never without green foliage.,Dfb,Warm Summer Continental: significant precipitation in all seasons ,1036,8,Canada,42.7102,-80.3574,184,22,2002,2023,"2002, 2003, 2004, 2005, 2006, 2007, 2008, 2009, 2010, 2011, 2012, 2013, 2014, 2015, 2016, 2017, 2018, 2019, 2020, 2021, 2022, 2023",https://doi.org/10.17190/AMF/1246012,,,,,2003,,"CO2, D_SNOW, FC, G, GPP, H, H2O, LE, LW_IN, LW_OUT, NEE, NETRAD, P, PA, PPFD_BC_IN, PPFD_IN, PPFD_OUT, P_RAIN, RECO, RH, SC, SH, SWC, SW_IN, SW_OUT, TA, TS, USTAR, VPD, V_SIGMA, WD, WS, W_SIGMA, WTD",
CA-TPD,Ontario - Turkey Point Mature Deciduous,M. Altaf Arain (arainm@mcmaster.ca),CC-BY-4.0,Yes,Yes,DBF,Deciduous Broadleaf Forests: Lands dominated by woody vegetation with a percent cover >60% and height exceeding 2 meters.  Consists of broadleaf tree communities with an annual cycle of leaf-on and leaf-off periods.,Dfb,Warm Summer Continental: significant precipitation in all seasons ,1036,8,Canada,42.6353,-80.5577,260,12,2012,2023,"2012, 2013, 2014, 2015, 2016, 2017, 2018, 2019, 2020, 2021, 2022, 2023",https://doi.org/10.17190/AMF/1246152,2012,2023,"2012, 2013, 2014, 2015, 2016, 2017, 2018, 2019, 2020, 2021, 2022, 2023",https://doi.org/10.17190/AMF/1881567,2012,,"CO2, D_SNOW, FC, G, GPP, H, H2O, LE, LW_IN, LW_OUT, NEE, NETRAD, P, PA, PPFD_BC_IN, PPFD_IN, PPFD_OUT, P_RAIN, RECO, RH, SC, SH, SWC, SW_IN, SW_OUT, TA, TS, USTAR, VPD, V_SIGMA, WD, WS, W_SIGMA",
US-Bar,Bartlett Experimental Forest,Andrew Richardson (Andrew.Richardson@nau.edu),CC-BY-4.0,Yes,Yes,DBF,Deciduous Broadleaf Forests: Lands dominated by woody vegetation with a percent cover >60% and height exceeding 2 meters.  Consists of broadleaf tree communities with an annual cycle of leaf-on and leaf-off periods.,Dfb,Warm Summer Continental: significant precipitation in all seasons ,1245.77,5.61,USA,44.0646,-71.2881,272,21,2004,2024,"2004, 2005, 2006, 2007, 2008, 2009, 2010, 2011, 2012, 2013, 2014, 2015, 2016, 2017, 2018, 2019, 2020, 2021, 2022, 2023, 2024",https://doi.org/10.17190/AMF/1246030,2004,2023,"2004, 2005, 2006, 2007, 2008, 2009, 2010, 2011, 2012, 2013, 2014, 2015, 2016, 2017, 2018, 2019, 2020, 2021, 2022, 2023",https://doi.org/10.17190/AMF/2006969,2004,,"CO2, FC, H, LE, NETRAD, P, PA, PPFD_BC_IN, PPFD_DIF, PPFD_DIR, PPFD_IN, PPFD_OUT, RH, SWC, SW_IN, SW_OUT, TA, TS, USTAR, VPD, WD, WS",
US-BZS,Bonanza Creek Black Spruce,Eugenie Euskirchen (seeuskirchen@alaska.edu),CC-BY-4.0,Yes,Yes,ENF,Evergreen Needleleaf Forests: Lands dominated by woody vegetation with a percent cover >60% and height exceeding 2 meters. Almost all trees remain green all year. Canopy is never without green foliage.,Dfd,"Subarctic: severe, very cold winter, no dry season, cool summer",274,-2.4,USA,64.6963,-148.3235,100,16,2010,2025,"2010, 2011, 2012, 2013, 2014, 2015, 2016, 2017, 2018, 2019, 2020, 2021, 2022, 2023, 2024, 2025",https://doi.org/10.17190/AMF/1756434,2010,2024,"2010, 2011, 2012, 2013, 2014, 2015, 2016, 2017, 2018, 2019, 2020, 2021, 2022, 2023, 2024",https://doi.org/10.17190/AMF/1881572,2010,,"CH4, CO2, D_SNOW, FC, FCH4, G, GPP, H, LE, LW_IN, LW_OUT, NETRAD, P, PA, PPFD_IN, PPFD_OUT, RECO, RH, SG, SWC, SW_IN, SW_OUT, TA, TS, USTAR, VPD, WD, WS",
US-CdM,Cedar Mesa,Steve Kannenberg (steven.kannenberg@mail.wvu.edu),CC-BY-4.0,Yes,Yes,WSA,"Woody Savannas: Lands with herbaceous and other understory systems, and with forest canopy cover between 30-60%. The forest cover height exceeds 2 meters.",Bsk,Steppe: warm winter,348,11.3,USA,37.5241,-109.7471,1860,7,2019,2025,"2019, 2020, 2021, 2022, 2023, 2024, 2025",https://doi.org/10.17190/AMF/1865477,2019,2024,"2019, 2020, 2021, 2022, 2023, 2024",https://doi.org/10.17190/AMF/2469445,2019,,"ALB, CO2, CO2_SIGMA, FC, FC_SSITC_TEST, FETCH_90, FETCH_MAX, G, GPP, H, H2O, H2O_SIGMA, H_SSITC_TEST, LE, LE_SSITC_TEST, LW_IN, LW_OUT, MO_LENGTH, NEE, NETRAD, P, PA, PBLH, PPFD_IN, PPFD_OUT, RECO, RH, SG, SWC, SW_IN, SW_OUT, TA, TAU, TAU_SSITC_TEST, TS, T_SONIC, T_SONIC_SIGMA, U_SIGMA, USTAR, VPD, V_SIGMA, WD, WS, W_SIGMA, WS_MAX, ZL",
US-CMW,Charleston Mesquite Woodland,Russell Scott (russ.scott@ars.usda.gov),CC-BY-4.0,Yes,No,DBF,Deciduous Broadleaf Forests: Lands dominated by woody vegetation with a percent cover >60% and height exceeding 2 meters.  Consists of broadleaf tree communities with an annual cycle of leaf-on and leaf-off periods.,Bsh,Steppe: very cold winter,288,17,USA,31.6637,-110.1777,1199,22,2000,2021,"2000, 2001, 2002, 2003, 2004, 2005, 2006, 2007, 2008, 2009, 2010, 2011, 2012, 2013, 2014, 2015, 2016, 2017, 2018, 2019, 2020, 2021",https://doi.org/10.17190/AMF/1660339,,,,,2001,2022,"CO2, FC, G, GPP, H, H2O, LE, LW_IN, LW_OUT, NEE, NETRAD, P, PA, PPFD_IN, RECO, RH, SWC, SW_IN, SW_OUT, TA, T_CANOPY, TS, T_SONIC, USTAR, WD, WS",
US-GLE,GLEES,John Frank (john.frank@usda.gov),CC-BY-4.0,Yes,Yes,ENF,Evergreen Needleleaf Forests: Lands dominated by woody vegetation with a percent cover >60% and height exceeding 2 meters. Almost all trees remain green all year. Canopy is never without green foliage.,Dfc,"Subarctic: severe winter, no dry season, cool summer",1200,0.8,USA,41.3665,-106.2399,3197,22,1999,2020,"1999, 2000, 2001, 2002, 2003, 2004, 2005, 2006, 2007, 2008, 2009, 2010, 2011, 2012, 2013, 2014, 2015, 2016, 2017, 2018, 2019, 2020",https://doi.org/10.17190/AMF/1246056,2005,2020,"2005, 2006, 2007, 2008, 2009, 2010, 2011, 2012, 2013, 2014, 2015, 2016, 2017, 2018, 2019, 2020",https://doi.org/10.17190/AMF/1871136,1999,,"CO2, D_SNOW, FC, G, H, H2O, LE, LW_BC_IN, LW_BC_OUT, LW_IN, LW_OUT, NEE, NETRAD, P, PA, PPFD_IN, PPFD_OUT, RH, SC, SW_BC_IN, SW_BC_OUT, SWC, SW_IN, SW_OUT, TA, TAU, T_CANOPY, TS, TSN, USTAR, VPD, WD, WS, ZL",
US-Ha1,Harvard Forest EMS Tower (HFR1),J. William  Munger (jwmunger@gmail.com),CC-BY-4.0,Yes,Yes,DBF,Deciduous Broadleaf Forests: Lands dominated by woody vegetation with a percent cover >60% and height exceeding 2 meters.  Consists of broadleaf tree communities with an annual cycle of leaf-on and leaf-off periods.,Dfb,Warm Summer Continental: significant precipitation in all seasons ,1071,6.62,USA,42.5378,-72.1715,340,35,1991,2025,"1991, 1992, 1993, 1994, 1995, 1996, 1997, 1998, 1999, 2000, 2001, 2002, 2003, 2004, 2005, 2006, 2007, 2008, 2009, 2010, 2011, 2012, 2013, 2014, 2015, 2016, 2017, 2018, 2019, 2020, 2021, 2022, 2023, 2024, 2025",https://doi.org/10.17190/AMF/1246059,1991,2020,"1991, 1992, 1993, 1994, 1995, 1996, 1997, 1998, 1999, 2000, 2001, 2002, 2003, 2004, 2005, 2006, 2007, 2008, 2009, 2010, 2011, 2012, 2013, 2014, 2015, 2016, 2017, 2018, 2019, 2020",https://doi.org/10.17190/AMF/1871137,1991,,"CO2, FC, FH2O, H, H2O, LE, NETRAD, P, PA, PPFD_DIF, PPFD_DIR, PPFD_IN, PPFD_OUT, RH, SC, SWC, TA, TAU, TS, T_SONIC, T_SONIC_SIGMA, U_SIGMA, USTAR, V_SIGMA, WD, WS, W_SIGMA",
US-Hn3,Hanford 100H sagebrush,Xingyuan Chen (Xingyuan.Chen@pnnl.gov),CC-BY-4.0,Yes,Yes,OSH,Open Shrublands: Lands with woody vegetation less than 2 meters tall and with shrub canopy cover between 10-60%. The shrub foliage can be either evergreen or deciduous.,Bsk,Steppe: warm winter,197,12.8,USA,46.6878,-119.4614,120.9,2,2017,2018,"2017, 2018",https://doi.org/10.17190/AMF/1543379,2017,2018,"2017, 2018",https://doi.org/10.17190/AMF/1881580,2017,,"ALB, APAR, CO2, CO2_SIGMA, FC, G, H, H2O, H2O_SIGMA, LE, LW_IN, LW_OUT, MO_LENGTH, NETRAD, P, PA, RH, SC, SH, SLE, SWC, SW_IN, SW_OUT, TA, TAU, TS, T_SONIC, T_SONIC_SIGMA, U_SIGMA, USTAR, V_SIGMA, WD, WS, W_SIGMA",
US-Ho1,Howland Forest (main tower),Andrew Ouimette (Andrew.Ouimette@usda.gov),CC-BY-4.0,Yes,Yes,ENF,Evergreen Needleleaf Forests: Lands dominated by woody vegetation with a percent cover >60% and height exceeding 2 meters. Almost all trees remain green all year. Canopy is never without green foliage.,Dfb,Warm Summer Continental: significant precipitation in all seasons ,1070,5.27,USA,45.2041,-68.7402,60,30,1996,2025,"1996, 1997, 1998, 1999, 2000, 2001, 2002, 2003, 2004, 2005, 2006, 2007, 2008, 2009, 2010, 2011, 2012, 2013, 2014, 2015, 2016, 2017, 2018, 2019, 2020, 2021, 2022, 2023, 2024, 2025",https://doi.org/10.17190/AMF/1246061,1996,2023,"1996, 1997, 1998, 1999, 2000, 2001, 2002, 2003, 2004, 2005, 2006, 2007, 2008, 2009, 2010, 2011, 2012, 2013, 2014, 2015, 2016, 2017, 2018, 2019, 2020, 2021, 2022, 2023",https://doi.org/10.17190/AMF/2469453,1996,,"CH4, CO2, FC, FCH4, FCH4_SSITC_TEST, FC_SSITC_TEST, FETCH_70, FETCH_90, FETCH_MAX, G, H, H2O, H_SSITC_TEST, LE, LE_SSITC_TEST, LW_IN, LW_OUT, NEE, NETRAD, P, PA, PPFD_DIF, PPFD_DIR, PPFD_IN, P_RAIN, RH, SWC, SW_IN, SW_OUT, TA, TAU, TS, T_SONIC, USTAR, VPD, WD, WS, WTD, ZL",
US-ICt,Imnavait Creek Watershed Tussock Tundra,Syndonia Bret-Harte (msbretharte@alaska.edu),CC-BY-4.0,Yes,Yes,OSH,Open Shrublands: Lands with woody vegetation less than 2 meters tall and with shrub canopy cover between 10-60%. The shrub foliage can be either evergreen or deciduous.,ET,Tundra,318,-7.4,USA,68.6063,-149.3041,930,18,2007,2024,"2007, 2008, 2009, 2010, 2011, 2012, 2013, 2014, 2015, 2016, 2017, 2018, 2019, 2020, 2021, 2022, 2023, 2024",https://doi.org/10.17190/AMF/1246131,2007,2023,"2007, 2008, 2009, 2010, 2011, 2012, 2013, 2014, 2015, 2016, 2017, 2018, 2019, 2020, 2021, 2022, 2023",https://doi.org/10.17190/AMF/1881583,2007,,"CH4, CO2, FC, FCH4, FCH4_SSITC_TEST, FC_SSITC_TEST, G, GPP, H, LE, LEAF_WET, NETRAD, P, PA, PPFD_IN, PPFD_OUT, RECO, RH, SG, SWC, SW_IN, SW_OUT, TA, TS, USTAR, VPD, WD, WS",
US-Jo1,Jornada Experimental Range Bajada Site,Craig Tweedie (ctweedie@utep.edu),CC-BY-4.0,Yes,Yes,OSH,Open Shrublands: Lands with woody vegetation less than 2 meters tall and with shrub canopy cover between 10-60%. The shrub foliage can be either evergreen or deciduous.,Bwk,Desert: very cold winter,245.1,14.7,USA,32.582,-106.635,1188,13,2010,2022,"2010, 2011, 2012, 2013, 2014, 2015, 2016, 2017, 2018, 2019, 2020, 2021, 2022",https://doi.org/10.17190/AMF/1767833,2010,2022,"2010, 2011, 2012, 2013, 2014, 2015, 2016, 2017, 2018, 2019, 2020, 2021, 2022",https://doi.org/10.17190/AMF/1902833,2010,,"CH4, CH4_MIXING_RATIO, CO2, CO2_MIXING_RATIO, FC, FCH4, FCH4_SSITC_TEST, FC_SSITC_TEST, FETCH_70, FETCH_80, FETCH_90, FETCH_MAX, FH2O, G, H, H2O, H2O_MIXING_RATIO, H_SSITC_TEST, LE, LEAF_WET, LE_SSITC_TEST, LW_IN, LW_OUT, MO_LENGTH, NETRAD, PA, PPFD_IN, PPFD_OUT, P_RAIN, RH, SWC, SW_IN, SW_OUT, TA, TAU, TAU_SSITC_TEST, TS, T_SONIC, T_SONIC_SIGMA, U_SIGMA, USTAR, V_SIGMA, WD, WD_SIGMA, WS, W_SIGMA, WS_MAX, ZL",
US-KFS,Kansas Field Station,Nathaniel Brunsell (brunsell@ku.edu),CC-BY-4.0,Yes,Yes,GRA,"Grasslands: Lands with herbaceous types of cover. Tree and shrub cover is less than 10%. Permanent wetlands lands with a permanent mixture of water and herbaceous or woody vegetation. The vegetation can be present in either salt, brackish, or fresh water.",Cfa,"Humid Subtropical: mild with no dry season, hot summer",1014,12,USA,39.0561,-95.1907,310,13,2007,2019,"2007, 2008, 2009, 2010, 2011, 2012, 2013, 2014, 2015, 2016, 2017, 2018, 2019",https://doi.org/10.17190/AMF/1246132,2007,2019,"2007, 2008, 2009, 2010, 2011, 2012, 2013, 2014, 2015, 2016, 2017, 2018, 2019",https://doi.org/10.17190/AMF/1881585,2007,,"CO2, FC, G, GPP, H, H2O, LE, LW_IN, LW_OUT, NEE, NETRAD, P, PA, PBLH, PPFD_IN, PPFD_OUT, RECO, RH, SC, SH, SLE, SWC, SW_IN, SW_OUT, TA, TAU, TS, USTAR, VPD, WD, WS, ZL",
US-KLS,Kansas Land Institute,Nathaniel Brunsell (brunsell@ku.edu),CC-BY-4.0,Yes,Yes,GRA,"Grasslands: Lands with herbaceous types of cover. Tree and shrub cover is less than 10%. Permanent wetlands lands with a permanent mixture of water and herbaceous or woody vegetation. The vegetation can be present in either salt, brackish, or fresh water.",Cfa,"Humid Subtropical: mild with no dry season, hot summer",812,12,USA,38.7745,-97.5684,373,8,2012,2019,"2012, 2013, 2014, 2015, 2016, 2017, 2018, 2019",https://doi.org/10.17190/AMF/1498745,2012,2019,"2012, 2013, 2014, 2015, 2016, 2017, 2018, 2019",https://doi.org/10.17190/AMF/1854367,2012,,"CO2, FC, G, GPP, H, H2O, LE, LW_IN, LW_OUT, NEE, NETRAD, P, PA, PPFD_IN, PPFD_OUT, RECO, RH, SC, SH, SLE, SWC, SW_IN, SW_OUT, TA, TS, USTAR, VPD, WD, WS, ZL",
US-Kon,Konza Prairie LTER (KNZ),Nathaniel Brunsell (brunsell@ku.edu),CC-BY-4.0,Yes,Yes,GRA,"Grasslands: Lands with herbaceous types of cover. Tree and shrub cover is less than 10%. Permanent wetlands lands with a permanent mixture of water and herbaceous or woody vegetation. The vegetation can be present in either salt, brackish, or fresh water.",Cfa,"Humid Subtropical: mild with no dry season, hot summer",867,12.77,USA,39.0824,-96.5603,417,16,2004,2019,"2004, 2005, 2006, 2007, 2008, 2009, 2010, 2011, 2012, 2013, 2014, 2015, 2016, 2017, 2018, 2019",https://doi.org/10.17190/AMF/1246068,2004,2019,"2004, 2005, 2006, 2007, 2008, 2009, 2010, 2011, 2012, 2013, 2014, 2015, 2016, 2017, 2018, 2019",https://doi.org/10.17190/AMF/2316062,2006,,"CO2, FC, G, GPP, H, H2O, LE, LW_IN, LW_OUT, NEE, NETRAD, P, PA, PPFD_IN, PPFD_OUT, RECO, RH, SC, SH, SLE, SWC, SW_DIF, SW_IN, SW_OUT, TA, TS, USTAR, VPD, WD, WS, ZL",
US-LL1,Longleaf Pine - Baker (Mesic site),Gregory Starr (gstarr@ua.edu),CC-BY-4.0,Yes,No,SAV,"Savannas: Lands with herbaceous and other understory systems, and with forest canopy cover between 10-30%. The forest cover height exceeds 2 meters.",Cfa,"Humid Subtropical: mild with no dry season, hot summer",1310,20,USA,31.2792,-84.5329,165,12,2009,2020,"2009, 2010, 2011, 2012, 2013, 2014, 2015, 2016, 2017, 2018, 2019, 2020",https://doi.org/10.17190/AMF/1773395,,,,,2008,2016,"CO2, CO2_SIGMA, FC, G, GPP, H, H2O, H2O_SIGMA, LE, LW_IN, LW_OUT, NEE, NETRAD, P, PA, PPFD_IN, P_RAIN, RECO, RH, SC, SWC, SW_IN, SW_OUT, TA, TAU, TS, T_SONIC, T_SONIC_SIGMA, U_SIGMA, USTAR, VPD, V_SIGMA, WD, WS, W_SIGMA",
US-LL2,Longleaf Pine - Dubignion (Intermediate site),Gregory Starr (gstarr@ua.edu),CC-BY-4.0,Yes,No,SAV,"Savannas: Lands with herbaceous and other understory systems, and with forest canopy cover between 10-30%. The forest cover height exceeds 2 meters.",Cfa,"Humid Subtropical: mild with no dry season, hot summer",1310,20,USA,31.201,-84.4449,155,9,2009,2017,"2009, 2010, 2011, 2012, 2013, 2014, 2015, 2016, 2017",https://doi.org/10.17190/AMF/1773396,,,,,2008,2016,"CO2, CO2_SIGMA, FC, G, GPP, H, H2O, H2O_SIGMA, LE, LW_IN, LW_OUT, NEE, NETRAD, P, PA, PPFD_IN, P_RAIN, RECO, RH, SC, SWC, SW_IN, SW_OUT, TA, TAU, TS, T_SONIC, T_SONIC_SIGMA, U_SIGMA, USTAR, VPD, V_SIGMA, WD, WS, W_SIGMA",
US-LL3,Longleaf Pine - Red Dirt (Xeric site),Gregory Starr (gstarr@ua.edu),CC-BY-4.0,Yes,No,SAV,"Savannas: Lands with herbaceous and other understory systems, and with forest canopy cover between 10-30%. The forest cover height exceeds 2 meters.",Cfa,"Humid Subtropical: mild with no dry season, hot summer",1310,20,USA,31.2688,-84.4787,159.5,9,2009,2017,"2009, 2010, 2011, 2012, 2013, 2014, 2015, 2016, 2017",https://doi.org/10.17190/AMF/1773397,,,,,2008,2016,"CO2, CO2_SIGMA, FC, G, GPP, H, H2O, H2O_SIGMA, LE, LW_IN, LW_OUT, NEE, NETRAD, P, PA, PPFD_IN, P_RAIN, RECO, RH, SC, SWC, SW_IN, SW_OUT, TA, TAU, TS, T_SONIC, T_SONIC_SIGMA, U_SIGMA, USTAR, VPD, V_SIGMA, WD, WS, W_SIGMA",
US-Me2,Metolius mature ponderosa pine,Chris Still (chris.still@oregonstate.edu),CC-BY-4.0,Yes,Yes,ENF,Evergreen Needleleaf Forests: Lands dominated by woody vegetation with a percent cover >60% and height exceeding 2 meters. Almost all trees remain green all year. Canopy is never without green foliage.,Csb,"Mediterranean: mild with dry, warm summer",523,6.28,USA,44.4526,-121.5589,1253,23,2002,2024,"2002, 2003, 2004, 2005, 2006, 2007, 2008, 2009, 2010, 2011, 2012, 2013, 2014, 2015, 2016, 2017, 2018, 2019, 2020, 2021, 2022, 2023, 2024",https://doi.org/10.17190/AMF/1246076,2002,2022,"2002, 2003, 2004, 2005, 2006, 2007, 2008, 2009, 2010, 2011, 2012, 2013, 2014, 2015, 2016, 2017, 2018, 2019, 2020, 2021, 2022",https://doi.org/10.17190/AMF/1854368,2002,,"ALB, CO2, D_SNOW, FC, G, GPP, H, H2O, LE, LW_IN, LW_OUT, NEE, NETRAD, P, PA, PPFD_DIF, PPFD_DIR, PPFD_IN, RECO, RH, SWC, SW_IN, SW_OUT, TA, TS, T_SONIC, T_SONIC_SIGMA, U_SIGMA, USTAR, V_SIGMA, WD, WS, W_SIGMA, WS_MAX",
US-Me6,Metolius Young Pine Burn,Chris Still (chris.still@oregonstate.edu),CC-BY-4.0,Yes,Yes,ENF,Evergreen Needleleaf Forests: Lands dominated by woody vegetation with a percent cover >60% and height exceeding 2 meters. Almost all trees remain green all year. Canopy is never without green foliage.,Csb,"Mediterranean: mild with dry, warm summer",494,7.59,USA,44.3233,-121.6078,998,15,2010,2024,"2010, 2011, 2012, 2013, 2014, 2015, 2016, 2017, 2018, 2019, 2020, 2021, 2022, 2023, 2024",https://doi.org/10.17190/AMF/1246128,2010,2024,"2010, 2011, 2012, 2013, 2014, 2015, 2016, 2017, 2018, 2019, 2020, 2021, 2022, 2023, 2024",https://doi.org/10.17190/AMF/2204871,2010,,"ALB, CO2, D_SNOW, FC, G, GPP, H, H2O, LE, LW_IN, LW_OUT, NEE, NETRAD, P, PA, PPFD_IN, RECO, RH, SWC, SW_IN, SW_OUT, TA, TS, T_SONIC, T_SONIC_SIGMA, U_SIGMA, USTAR, V_SIGMA, WD, WS, W_SIGMA",
US-MMS,Morgan Monroe State Forest,Rich Phillips (rpp6@indiana.edu),CC-BY-4.0,Yes,Yes,DBF,Deciduous Broadleaf Forests: Lands dominated by woody vegetation with a percent cover >60% and height exceeding 2 meters.  Consists of broadleaf tree communities with an annual cycle of leaf-on and leaf-off periods.,Cfa,"Humid Subtropical: mild with no dry season, hot summer",1032,10.85,USA,39.3232,-86.4131,275,27,1999,2025,"1999, 2000, 2001, 2002, 2003, 2004, 2005, 2006, 2007, 2008, 2009, 2010, 2011, 2012, 2013, 2014, 2015, 2016, 2017, 2018, 2019, 2020, 2021, 2022, 2023, 2024, 2025",https://doi.org/10.17190/AMF/1246080,1999,2020,"1999, 2000, 2001, 2002, 2003, 2004, 2005, 2006, 2007, 2008, 2009, 2010, 2011, 2012, 2013, 2014, 2015, 2016, 2017, 2018, 2019, 2020",https://doi.org/10.17190/AMF/1854369,1999,,"CO2, FC, G, H, H2O, LE, LW_BC_IN, LW_BC_OUT, LW_IN, LW_OUT, NETRAD, P, PA, PPFD_BC_IN, PPFD_DIF, PPFD_IN, RECO, RH, SW_BC_IN, SW_BC_OUT, SWC, SW_IN, SW_OUT, TA, TS, T_SONIC, T_SONIC_SIGMA, U_SIGMA, USTAR, VPD, V_SIGMA, WD, WS, W_SIGMA",
US-MN1,"Morris: Corn-Soybean with Cover Crops, Strip Tillage",Sharon Weyers (sharon.weyers@usda.gov),CC-BY-4.0,Yes,Yes,CRO,"Croplands: Lands covered with temporary crops followed by harvest and a bare soil period (e.g., single and multiple cropping systems). Note that perennial woody crops will be classified as the appropriate forest or shrub land cover type.",Dwb,Warm Summer Continental: dry winters ,684.5,5.7,USA,45.6168,-96.1269,339,8,2017,2024,"2017, 2018, 2019, 2020, 2021, 2022, 2023, 2024",https://doi.org/10.17190/AMF/2407204,2017,2024,"2017, 2018, 2019, 2020, 2021, 2022, 2023, 2024",https://doi.org/10.17190/AMF/2571145,2017,,"ALB, CO2, CO2_MIXING_RATIO, CO2_SIGMA, FC, FC_SSITC_TEST, FETCH_70, FETCH_90, FETCH_MAX, FH2O, GPP, H, H2O, H2O_MIXING_RATIO, H2O_SIGMA, H_SSITC_TEST, LE, LE_SSITC_TEST, LW_IN, LW_OUT, MO_LENGTH, NEE, NETRAD, P, PA, PPFD_IN, RECO, RH, SWC, SW_IN, SW_OUT, TA, TAU, TAU_SSITC_TEST, T_CANOPY, TS, T_SONIC, T_SONIC_SIGMA, U_SIGMA, USTAR, VPD, V_SIGMA, WD, WD_SIGMA, WS, W_SIGMA, WS_MAX, ZL",
US-MN2,"Morris: Corn-Soybean-Wheat with Cover Crops, Minimal Tillage",Sharon Weyers (sharon.weyers@usda.gov),CC-BY-4.0,Yes,Yes,CRO,"Croplands: Lands covered with temporary crops followed by harvest and a bare soil period (e.g., single and multiple cropping systems). Note that perennial woody crops will be classified as the appropriate forest or shrub land cover type.",Dwb,Warm Summer Continental: dry winters ,684.5,5.7,USA,45.627,-96.1271,339,8,2017,2024,"2017, 2018, 2019, 2020, 2021, 2022, 2023, 2024",https://doi.org/10.17190/AMF/2407205,2017,2024,"2017, 2018, 2019, 2020, 2021, 2022, 2023, 2024",https://doi.org/10.17190/AMF/2571146,2017,,"ALB, CO2, CO2_MIXING_RATIO, CO2_SIGMA, FC, FC_SSITC_TEST, FETCH_70, FETCH_90, FETCH_MAX, FH2O, GPP, H, H2O, H2O_MIXING_RATIO, H2O_SIGMA, H_SSITC_TEST, LE, LE_SSITC_TEST, LW_IN, LW_OUT, MO_LENGTH, NEE, NETRAD, P, PA, PPFD_IN, RECO, RH, SWC, SW_IN, SW_OUT, TA, TAU, TAU_SSITC_TEST, T_CANOPY, TS, T_SONIC, T_SONIC_SIGMA, U_SIGMA, USTAR, VPD, V_SIGMA, WD, WD_SIGMA, WS, W_SIGMA, WS_MAX, ZL",
US-Mo1,LTAR CMRB Field 1 (CMRB ASP),Adam Schreiner-McGraw (Adam.Schreiner-McGraw@usda.gov),CC-BY-4.0,Yes,Yes,CRO,"Croplands: Lands covered with temporary crops followed by harvest and a bare soil period (e.g., single and multiple cropping systems). Note that perennial woody crops will be classified as the appropriate forest or shrub land cover type.",Cfa,"Humid Subtropical: mild with no dry season, hot summer",981,12,USA,39.2298,-92.1167,260,10,2015,2024,"2015, 2016, 2017, 2018, 2019, 2020, 2021, 2022, 2023, 2024",https://doi.org/10.17190/AMF/1870588,2015,2024,"2015, 2016, 2017, 2018, 2019, 2020, 2021, 2022, 2023, 2024",https://doi.org/10.17190/AMF/2229382,2015,,"CO2, CO2_MIXING_RATIO, CO2_SIGMA, FC, G, GPP, H, H2O, H2O_MIXING_RATIO, H2O_SIGMA, LE, LW_IN, LW_OUT, MO_LENGTH, NEE, NETRAD, P, PA, PPFD_IN, PPFD_OUT, RECO, RH, SG, SWC, SW_IN, SW_OUT, TA, TAU, TS, T_SONIC, T_SONIC_SIGMA, U_SIGMA, USTAR, VPD, V_SIGMA, WD, WS, W_SIGMA",
US-Mo2,LTAR CMRB Tucker Prairie (CMRB TP),Adam Schreiner-McGraw (Adam.Schreiner-McGraw@usda.gov),CC-BY-4.0,Yes,Yes,GRA,"Grasslands: Lands with herbaceous types of cover. Tree and shrub cover is less than 10%. Permanent wetlands lands with a permanent mixture of water and herbaceous or woody vegetation. The vegetation can be present in either salt, brackish, or fresh water.",Cfa,"Humid Subtropical: mild with no dry season, hot summer",981,12,USA,38.9488,-91.9945,275,7,2018,2024,"2018, 2019, 2020, 2021, 2022, 2023, 2024",https://doi.org/10.17190/AMF/1902276,2018,2024,"2018, 2019, 2020, 2021, 2022, 2023, 2024",https://doi.org/10.17190/AMF/2229383,2017,,"CO2, CO2_MIXING_RATIO, CO2_SIGMA, FC, G, GPP, H, H2O, H2O_MIXING_RATIO, H2O_SIGMA, LE, LW_IN, LW_OUT, MO_LENGTH, NEE, NETRAD, P, PA, PPFD_IN, PPFD_OUT, RECO, RH, SG, SWC, SW_IN, SW_OUT, TA, TAU, TS, T_SONIC, T_SONIC_SIGMA, U_SIGMA, USTAR, VPD, V_SIGMA, WD, WS, W_SIGMA",
US-Mo3,LTAR CMRB Field 3 (CMRB BAU),Adam Schreiner-McGraw (Adam.Schreiner-McGraw@usda.gov),CC-BY-4.0,Yes,Yes,CRO,"Croplands: Lands covered with temporary crops followed by harvest and a bare soil period (e.g., single and multiple cropping systems). Note that perennial woody crops will be classified as the appropriate forest or shrub land cover type.",Cfa,"Humid Subtropical: mild with no dry season, hot summer",981,12,USA,39.2322,-92.1493,261,8,2016,2023,"2016, 2017, 2018, 2019, 2020, 2021, 2022, 2023",https://doi.org/10.17190/AMF/1870589,2016,2021,"2016, 2017, 2018, 2019, 2020, 2021",https://doi.org/10.17190/AMF/2229384,2016,,"CO2, CO2_MIXING_RATIO, CO2_SIGMA, FC, G, GPP, H, H2O, H2O_MIXING_RATIO, H2O_SIGMA, LE, LW_IN, LW_OUT, MO_LENGTH, NEE, NETRAD, P, PA, PPFD_IN, PPFD_OUT, RECO, RH, SG, SWC, SW_IN, SW_OUT, TA, TAU, TS, T_SONIC, T_SONIC_SIGMA, U_SIGMA, USTAR, VPD, V_SIGMA, WD, WS, W_SIGMA",
US-MOz,Missouri Ozark Site,Lianhong Gu (lianhong-gu@ornl.gov),CC-BY-4.0,Yes,Yes,DBF,Deciduous Broadleaf Forests: Lands dominated by woody vegetation with a percent cover >60% and height exceeding 2 meters.  Consists of broadleaf tree communities with an annual cycle of leaf-on and leaf-off periods.,Cfa,"Humid Subtropical: mild with no dry season, hot summer",986,12.11,USA,38.7441,-92.2,219.4,18,2004,2021,"2004, 2005, 2006, 2007, 2008, 2009, 2010, 2011, 2012, 2013, 2014, 2015, 2016, 2017, 2018, 2019, 2020, 2021",https://doi.org/10.17190/AMF/1246081,2004,2021,"2004, 2005, 2006, 2007, 2008, 2009, 2010, 2011, 2012, 2013, 2014, 2015, 2016, 2017, 2018, 2019, 2020, 2021",https://doi.org/10.17190/AMF/1854370,2004,,"CO2, FC, G, H, H2O, LE, LW_IN, LW_OUT, NEE, NETRAD, P, PA, PPFD_IN, PPFD_OUT, RH, SC, SH, SLE, SWC, SW_IN, SW_OUT, TA, TS, USTAR, WD, WS",
US-MtB,Mt Bigelow,Russ Scott (russ.scott@usda.gov),CC-BY-4.0,Yes,Yes,ENF,Evergreen Needleleaf Forests: Lands dominated by woody vegetation with a percent cover >60% and height exceeding 2 meters. Almost all trees remain green all year. Canopy is never without green foliage.,Dwb,Warm Summer Continental: dry winters ,790,9.3,USA,32.416,-110.7256,2573,16,2009,2024,"2009, 2010, 2011, 2012, 2013, 2014, 2015, 2016, 2017, 2018, 2019, 2020, 2021, 2022, 2023, 2024",https://doi.org/10.17190/AMF/1579717,2009,2024,"2009, 2010, 2011, 2012, 2013, 2014, 2015, 2016, 2017, 2018, 2019, 2020, 2021, 2022, 2023, 2024",https://doi.org/10.17190/AMF/2571103,2009,,"CO2, D_SNOW, FC, G, H, H2O, LE, LW_IN, LW_OUT, NETRAD, P, PA, PPFD_IN, PPFD_OUT, RH, SWC, SW_IN, SW_OUT, TA, T_BOLE, TS, T_SONIC, USTAR, VPD, WD, WS",
US-Ne1,Mead - irrigated continuous maize site,Andy Suyker (asuyker1@unl.edu),CC-BY-4.0,Yes,Yes,CRO,"Croplands: Lands covered with temporary crops followed by harvest and a bare soil period (e.g., single and multiple cropping systems). Note that perennial woody crops will be classified as the appropriate forest or shrub land cover type.",Dfa,"Humid Continental: humid with severe winter, no dry season, hot summer",790.37,10.07,USA,41.1651,-96.4766,361,24,2001,2024,"2001, 2002, 2003, 2004, 2005, 2006, 2007, 2008, 2009, 2010, 2011, 2012, 2013, 2014, 2015, 2016, 2017, 2018, 2019, 2020, 2021, 2022, 2023, 2024",https://doi.org/10.17190/AMF/1246084,2001,2024,"2001, 2002, 2003, 2004, 2005, 2006, 2007, 2008, 2009, 2010, 2011, 2012, 2013, 2014, 2015, 2016, 2017, 2018, 2019, 2020, 2021, 2022, 2023, 2024",https://doi.org/10.17190/AMF/1871140,2001,,"CO2, FAPAR, FC, G, GPP, H, LE, LW_IN, LW_OUT, NEE, NETRAD, P, PA, PPFD_DIF, PPFD_DIR, PPFD_IN, PPFD_OUT, RECO, RH, SC, SWC, SW_IN, SW_OUT, TA, TS, USTAR, WD, WS, ZL",
US-Ne2,Mead - irrigated maize-soybean rotation site,Andy Suyker (asuyker1@unl.edu),CC-BY-4.0,Yes,Yes,CRO,"Croplands: Lands covered with temporary crops followed by harvest and a bare soil period (e.g., single and multiple cropping systems). Note that perennial woody crops will be classified as the appropriate forest or shrub land cover type.",Dfa,"Humid Continental: humid with severe winter, no dry season, hot summer",788.89,10.08,USA,41.1649,-96.4701,362,24,2001,2024,"2001, 2002, 2003, 2004, 2005, 2006, 2007, 2008, 2009, 2010, 2011, 2012, 2013, 2014, 2015, 2016, 2017, 2018, 2019, 2020, 2021, 2022, 2023, 2024",https://doi.org/10.17190/AMF/1246085,2001,2024,"2001, 2002, 2003, 2004, 2005, 2006, 2007, 2008, 2009, 2010, 2011, 2012, 2013, 2014, 2015, 2016, 2017, 2018, 2019, 2020, 2021, 2022, 2023, 2024",https://doi.org/10.17190/AMF/2574638,2001,,"CO2, FAPAR, FC, G, GPP, H, LE, LW_IN, LW_OUT, NEE, NETRAD, P, PA, PPFD_DIF, PPFD_DIR, PPFD_IN, PPFD_OUT, RECO, RH, SC, SWC, SW_IN, SW_OUT, TA, TS, USTAR, WD, WS, ZL",
US-Ne3,Mead - rainfed maize-soybean rotation site,Andy Suyker (asuyker1@unl.edu),CC-BY-4.0,Yes,No,CRO,"Croplands: Lands covered with temporary crops followed by harvest and a bare soil period (e.g., single and multiple cropping systems). Note that perennial woody crops will be classified as the appropriate forest or shrub land cover type.",Dfa,"Humid Continental: humid with severe winter, no dry season, hot summer",783.68,10.11,USA,41.1797,-96.4397,363,24,2001,2024,"2001, 2002, 2003, 2004, 2005, 2006, 2007, 2008, 2009, 2010, 2011, 2012, 2013, 2014, 2015, 2016, 2017, 2018, 2019, 2020, 2021, 2022, 2023, 2024",https://doi.org/10.17190/AMF/1246086,,,,,2001,,"CO2, FAPAR, FC, G, GPP, H, LE, LW_IN, LW_OUT, NEE, NETRAD, P, PA, PPFD_DIF, PPFD_DIR, PPFD_IN, PPFD_OUT, RECO, RH, SC, SWC, SW_IN, SW_OUT, TA, TS, USTAR, WD, WS, ZL",
US-NR1,Niwot Ridge Forest (LTER NWT1),Peter Blanken (Blanken@Colorado.EDU),CC-BY-4.0,Yes,Yes,ENF,Evergreen Needleleaf Forests: Lands dominated by woody vegetation with a percent cover >60% and height exceeding 2 meters. Almost all trees remain green all year. Canopy is never without green foliage.,Dfc,"Subarctic: severe winter, no dry season, cool summer",800,1.5,USA,40.0329,-105.5464,3050,28,1998,2025,"1998, 1999, 2000, 2001, 2002, 2003, 2004, 2005, 2006, 2007, 2008, 2009, 2010, 2011, 2012, 2013, 2014, 2015, 2016, 2017, 2018, 2019, 2020, 2021, 2022, 2023, 2024, 2025",https://doi.org/10.17190/AMF/1246088,1998,2016,"1998, 1999, 2000, 2001, 2002, 2003, 2004, 2005, 2006, 2007, 2008, 2009, 2010, 2011, 2012, 2013, 2014, 2015, 2016",https://doi.org/10.17190/AMF/1871141,1998,,"CO2, CO2C13, FC, G, H, LE, LEAF_WET, LW_IN, LW_OUT, NETRAD, P, PA, PPFD_IN, PPFD_OUT, RH, SB, SC, SG, SH, SLE, SWC, SW_IN, SW_OUT, TA, TAU, T_BOLE, TS, USTAR, VPD, WD, WS, ZL",
US-ONA,Florida pine flatwoods,Rosvel Bracho (rbracho@ufl.edu),CC-BY-4.0,Yes,Yes,GRA,"Grasslands: Lands with herbaceous types of cover. Tree and shrub cover is less than 10%. Permanent wetlands lands with a permanent mixture of water and herbaceous or woody vegetation. The vegetation can be present in either salt, brackish, or fresh water.",Cfa,"Humid Subtropical: mild with no dry season, hot summer",1268,22.3,USA,27.3836,-81.9509,25,7,2016,2022,"2016, 2017, 2018, 2019, 2020, 2021, 2022",https://doi.org/10.17190/AMF/1660350,2016,2022,"2016, 2017, 2018, 2019, 2020, 2021, 2022",https://doi.org/10.17190/AMF/1832163,2016,,"CH4, CO2, CO2_SIGMA, FC, FCH4, FCH4_SSITC_TEST, FC_SSITC_TEST, FETCH_70, FETCH_80, FETCH_90, FETCH_MAX, G, H, H2O, H2O_SIGMA, H_SSITC_TEST, LE, LE_SSITC_TEST, LW_IN, LW_OUT, MO_LENGTH, NETRAD, PA, PPFD_IN, P_RAIN, RH, SC, SCH4, SH, SLE, SWC, SW_IN, SW_OUT, TA, TAU, TAU_SSITC_TEST, TS, T_SONIC, T_SONIC_SIGMA, U_SIGMA, USTAR, VPD, V_SIGMA, WD, WS, W_SIGMA, WS_MAX, WTD, ZL",
US-PFa,Park Falls/WLEF,Ankur Desai (desai@aos.wisc.edu),CC-BY-4.0,Yes,No,MF,Mixed Forests: Lands dominated by trees with a percent cover >60% and height exceeding 2 meters.  Consists of tree communities with interspersed mixtures or mosaics of the other four forest types.  None of the forest types exceeds 60% of landscape.,Dfb,Warm Summer Continental: significant precipitation in all seasons ,823,4.33,USA,45.9459,-90.2723,470,31,1995,2025,"1995, 1996, 1997, 1998, 1999, 2000, 2001, 2002, 2003, 2004, 2005, 2006, 2007, 2008, 2009, 2010, 2011, 2012, 2013, 2014, 2015, 2016, 2017, 2018, 2019, 2020, 2021, 2022, 2023, 2024, 2025",https://doi.org/10.17190/AMF/1246090,,,,,1996,,"CH4, CO2, FC, FCH4, GPP, H, H2O, LE, NEE, P, PA, PPFD_IN, RECO, RH, SC, SCH4, SH, SLE, SWC, TA, TS, USTAR, VPD, WD, WS",
US-Rls,RCEW Low Sagebrush,Gerald Flerchinger (gerald.flerchinger@usda.gov),CC-BY-4.0,Yes,Yes,CSH,Closed Shrublands: Lands with woody vegetation less than 2 meters tall and with shrub canopy cover >60%. The shrub foliage can be either evergreen or deciduous.,Bsh,Steppe: very cold winter,333,8.4,USA,43.1439,-116.7356,1608,10,2014,2023,"2014, 2015, 2016, 2017, 2018, 2019, 2020, 2021, 2022, 2023",https://doi.org/10.17190/AMF/1418682,2014,2023,"2014, 2015, 2016, 2017, 2018, 2019, 2020, 2021, 2022, 2023",https://doi.org/10.17190/AMF/2229387,2014,,"CO2, D_SNOW, FC, FETCH_70, FETCH_90, FETCH_FILTER, FETCH_MAX, G, H, H2O, LE, LW_IN, LW_OUT, MO_LENGTH, NEE, NETRAD, P, PA, PPFD_IN, RH, SC, SLE, SWC, SW_IN, SW_OUT, TA, TAU, TS, T_SONIC, T_SONIC_SIGMA, U_SIGMA, USTAR, V_SIGMA, WD, WS, W_SIGMA, ZL",
US-Ro1,Rosemount- G21,Timothy Griffis (tgriffis@umn.edu),CC-BY-4.0,Yes,Yes,CRO,"Croplands: Lands covered with temporary crops followed by harvest and a bare soil period (e.g., single and multiple cropping systems). Note that perennial woody crops will be classified as the appropriate forest or shrub land cover type.",Dfa,"Humid Continental: humid with severe winter, no dry season, hot summer",879,6.4,USA,44.7143,-93.0898,290,13,2004,2016,"2004, 2005, 2006, 2007, 2008, 2009, 2010, 2011, 2012, 2013, 2014, 2015, 2016",https://doi.org/10.17190/AMF/1246092,2004,2016,"2004, 2005, 2006, 2007, 2008, 2009, 2010, 2011, 2012, 2013, 2014, 2015, 2016",https://doi.org/10.17190/AMF/1881588,2003,2017,"ALB, CO2, FC, G, GPP, H, H2O, LE, LW_IN, LW_OUT, NEE, NETRAD, P, PA, PPFD_IN, RECO, RH, SC, SH, SLE, SWC, SW_IN, SW_OUT, TA, T_CANOPY, TS, USTAR, VPD, WD, WS, ZL",
US-Ro4,Rosemount Prairie,Timothy Griffis (timgriffis@umn.edu),CC-BY-4.0,Yes,Yes,GRA,"Grasslands: Lands with herbaceous types of cover. Tree and shrub cover is less than 10%. Permanent wetlands lands with a permanent mixture of water and herbaceous or woody vegetation. The vegetation can be present in either salt, brackish, or fresh water.",Dfa,"Humid Continental: humid with severe winter, no dry season, hot summer",879,6.4,USA,44.6781,-93.0723,274,12,2014,2025,"2014, 2015, 2016, 2017, 2018, 2019, 2020, 2021, 2022, 2023, 2024, 2025",https://doi.org/10.17190/AMF/1419507,2014,2024,"2014, 2015, 2016, 2017, 2018, 2019, 2020, 2021, 2022, 2023, 2024",https://doi.org/10.17190/AMF/1881589,2014,,"ALB, CO2, FC, G, GPP, H, H2O, LE, LW_IN, LW_OUT, NEE, NETRAD, P, PA, PPFD_IN, RECO, RH, SC, SH, SLE, SWC, SW_IN, SW_OUT, TA, T_CANOPY, TS, USTAR, VPD, WD, WS, ZL",
US-Ro5,Rosemount I18_South,Timothy Griffis (timgriffis@umn.edu),CC-BY-4.0,Yes,Yes,CRO,"Croplands: Lands covered with temporary crops followed by harvest and a bare soil period (e.g., single and multiple cropping systems). Note that perennial woody crops will be classified as the appropriate forest or shrub land cover type.",Dfa,"Humid Continental: humid with severe winter, no dry season, hot summer",879,6.4,USA,44.691,-93.0576,283,9,2017,2025,"2017, 2018, 2019, 2020, 2021, 2022, 2023, 2024, 2025",https://doi.org/10.17190/AMF/1419508,2017,2024,"2017, 2018, 2019, 2020, 2021, 2022, 2023, 2024",https://doi.org/10.17190/AMF/1818371,2017,,"ALB, CO2, FC, G, GPP, H, H2O, LE, LW_IN, LW_OUT, NEE, NETRAD, P, PA, PPFD_IN, RECO, RH, SC, SH, SLE, SWC, SW_IN, SW_OUT, TA, T_CANOPY, TS, USTAR, VPD, WD, WS, ZL",
US-Ro6,Rosemount I18_North,Timothy Griffis (timgriffis@umn.edu),CC-BY-4.0,Yes,Yes,CRO,"Croplands: Lands covered with temporary crops followed by harvest and a bare soil period (e.g., single and multiple cropping systems). Note that perennial woody crops will be classified as the appropriate forest or shrub land cover type.",Dfa,"Humid Continental: humid with severe winter, no dry season, hot summer",879,6.4,USA,44.6946,-93.0578,282,9,2017,2025,"2017, 2018, 2019, 2020, 2021, 2022, 2023, 2024, 2025",https://doi.org/10.17190/AMF/1419509,2017,2024,"2017, 2018, 2019, 2020, 2021, 2022, 2023, 2024",https://doi.org/10.17190/AMF/1881590,2017,,"ALB, CO2, FC, G, GPP, H, H2O, LE, LW_IN, LW_OUT, NEE, NETRAD, P, PA, PPFD_IN, RECO, RH, SC, SH, SLE, SWC, SW_IN, SW_OUT, TA, T_CANOPY, TS, USTAR, VPD, WD, WS, ZL",
US-Rpf,Poker Flat Research Range: Succession from fire scar to deciduous forest,Yoshinobu Harazono (harazono2009gl@gmail.com),CC-BY-4.0,Yes,Yes,DBF,Deciduous Broadleaf Forests: Lands dominated by woody vegetation with a percent cover >60% and height exceeding 2 meters.  Consists of broadleaf tree communities with an annual cycle of leaf-on and leaf-off periods.,Dwc,"Subarctic: severe, dry winter, cool summer ",450,-0.8,USA,65.1198,-147.429,497,17,2008,2024,"2008, 2009, 2010, 2011, 2012, 2013, 2014, 2015, 2016, 2017, 2018, 2019, 2020, 2021, 2022, 2023, 2024",https://doi.org/10.17190/AMF/1579540,2008,2023,"2008, 2009, 2010, 2011, 2012, 2013, 2014, 2015, 2016, 2017, 2018, 2019, 2020, 2021, 2022, 2023",https://doi.org/10.17190/AMF/2229388,2008,,"CO2, D_SNOW, FC, FETCH_80, G, GPP, H, LE, LW_IN, LW_OUT, NEE, NETRAD, P, PA, PPFD_IN, PPFD_OUT, P_RAIN, RECO, RH, SC, SW_BC_IN, SWC, SW_IN, SW_OUT, TA, T_CANOPY, THROUGHFALL, TS, T_SONIC_SIGMA, U_SIGMA, USTAR, V_SIGMA, WD, WS, W_SIGMA",
US-SRG,Santa Rita Grassland,Russell Scott (russ.scott@ars.usda.gov),CC-BY-4.0,Yes,Yes,GRA,"Grasslands: Lands with herbaceous types of cover. Tree and shrub cover is less than 10%. Permanent wetlands lands with a permanent mixture of water and herbaceous or woody vegetation. The vegetation can be present in either salt, brackish, or fresh water.",Bsk,Steppe: warm winter,420,17,USA,31.7894,-110.8277,1291,18,2008,2025,"2008, 2009, 2010, 2011, 2012, 2013, 2014, 2015, 2016, 2017, 2018, 2019, 2020, 2021, 2022, 2023, 2024, 2025",https://doi.org/10.17190/AMF/1246154,2008,2024,"2008, 2009, 2010, 2011, 2012, 2013, 2014, 2015, 2016, 2017, 2018, 2019, 2020, 2021, 2022, 2023, 2024",https://doi.org/10.17190/AMF/2204877,2008,,"CO2, FC, G, H, H2O, LE, LW_IN, LW_OUT, NETRAD, P, PA, PPFD_IN, PPFD_OUT, RH, SWC, SW_IN, SW_OUT, TA, TS, T_SONIC, USTAR, WD, WS",
US-SRM,Santa Rita Mesquite,Russell Scott (russ.scott@ars.usda.gov),CC-BY-4.0,Yes,Yes,WSA,"Woody Savannas: Lands with herbaceous and other understory systems, and with forest canopy cover between 30-60%. The forest cover height exceeds 2 meters.",Bsk,Steppe: warm winter,380,17.92,USA,31.8214,-110.8661,1120,22,2004,2025,"2004, 2005, 2006, 2007, 2008, 2009, 2010, 2011, 2012, 2013, 2014, 2015, 2016, 2017, 2018, 2019, 2020, 2021, 2022, 2023, 2024, 2025",https://doi.org/10.17190/AMF/1246104,2004,2024,"2004, 2005, 2006, 2007, 2008, 2009, 2010, 2011, 2012, 2013, 2014, 2015, 2016, 2017, 2018, 2019, 2020, 2021, 2022, 2023, 2024",https://doi.org/10.17190/AMF/2475756,2004,,"CO2, FC, G, H, H2O, LE, LW_IN, LW_OUT, NETRAD, P, PA, PPFD_IN, PPFD_OUT, RH, SWC, SW_IN, SW_OUT, TA, T_CANOPY, TS, T_SONIC, USTAR, WD, WS",
US-Syv,Sylvania Wilderness Area,Ankur Desai (desai@aos.wisc.edu),CC-BY-4.0,Yes,Yes,MF,Mixed Forests: Lands dominated by trees with a percent cover >60% and height exceeding 2 meters.  Consists of tree communities with interspersed mixtures or mosaics of the other four forest types.  None of the forest types exceeds 60% of landscape.,Dfb,Warm Summer Continental: significant precipitation in all seasons ,826,3.81,USA,46.242,-89.3477,540,25,2001,2025,"2001, 2002, 2003, 2004, 2005, 2006, 2007, 2008, 2009, 2010, 2011, 2012, 2013, 2014, 2015, 2016, 2017, 2018, 2019, 2020, 2021, 2022, 2023, 2024, 2025",https://doi.org/10.17190/AMF/1246106,2001,2023,"2001, 2002, 2003, 2004, 2005, 2006, 2007, 2008, 2009, 2010, 2011, 2012, 2013, 2014, 2015, 2016, 2017, 2018, 2019, 2020, 2021, 2022, 2023",https://doi.org/10.17190/AMF/2204879,2001,,"CO2, FC, FETCH_90, FETCH_MAX, G, GPP, H, H2O, LE, LW_IN, LW_OUT, NEE, NETRAD, P, PA, PPFD_DIF, PPFD_IN, RECO, RH, SC, SH, SLE, SWC, SW_IN, SW_OUT, TA, THROUGHFALL, TS, USTAR, VPD, WD, WS, ZL",
US-Syv,Sylvania Wilderness Area,Ankur Desai (desai@aos.wisc.edu),CC-BY-4.0,Yes,Yes,MF,Mixed Forests: Lands dominated by trees with a percent cover >60% and height exceeding 2 meters.  Consists of tree communities with interspersed mixtures or mosaics of the other four forest types.  None of the forest types exceeds 60% of landscape.,Dfb,Warm Summer Continental: significant precipitation in all seasons ,826,3.81,USA,46.242,-89.3477,540,25,2001,2025,"2001, 2002, 2003, 2004, 2005, 2006, 2007, 2008, 2009, 2010, 2011, 2012, 2013, 2014, 2015, 2016, 2017, 2018, 2019, 2020, 2021, 2022, 2023, 2024, 2025",https://doi.org/10.17190/AMF/1246106,2001,2023,"2001, 2002, 2003, 2004, 2005, 2006, 2007, 2008, 2009, 2010, 2011, 2012, 2013, 2014, 2015, 2016, 2017, 2018, 2019, 2020, 2021, 2022, 2023",https://doi.org/10.17190/AMF/2204879,2001,,"CO2, FC, FETCH_90, FETCH_MAX, G, GPP, H, H2O, LE, LW_IN, LW_OUT, NEE, NETRAD, P, PA, PPFD_DIF, PPFD_IN, RECO, RH, SC, SH, SLE, SWC, SW_IN, SW_OUT, TA, THROUGHFALL, TS, USTAR, VPD, WD, WS, ZL","CH4, CH4_MIXING_RATIO, CO2, CO2_MIXING_RATIO, FC, FCH4, FCH4_SSITC_TEST, FC_SSITC_TEST, FETCH_70, FETCH_80, FETCH_90, FETCH_MAX, FH2O, G, H, H2O, H2O_MIXING_RATIO, H_SSITC_TEST, LE, LEAF_WET, LE_SSITC_TEST, LW_IN, LW_OUT, MO_LENGTH, NETRAD, PA, PPFD_IN, PPFD_OUT, P_RAIN, RH, SWC, SW_IN, SW_OUT, TA, TAU, TAU_SSITC_TEST, TS, T_SONIC, T_SONIC_SIGMA, U_SIGMA, USTAR, V_SIGMA, WD, WD_SIGMA, WS, W_SIGMA, WS_MAX, ZL"
US-Ton,Tonzi Ranch,Dennis Baldocchi (Baldocchi@berkeley.edu),CC-BY-4.0,Yes,Yes,WSA,"Woody Savannas: Lands with herbaceous and other understory systems, and with forest canopy cover between 30-60%. The forest cover height exceeds 2 meters.",Csa,"Mediterranean: mild with dry, hot summer",559,15.8,USA,38.4309,-120.966,177,25,2001,2025,"2001, 2002, 2003, 2004, 2005, 2006, 2007, 2008, 2009, 2010, 2011, 2012, 2013, 2014, 2015, 2016, 2017, 2018, 2019, 2020, 2021, 2022, 2023, 2024, 2025",https://doi.org/10.17190/AMF/1245971,2001,2024,"2001, 2002, 2003, 2004, 2005, 2006, 2007, 2008, 2009, 2010, 2011, 2012, 2013, 2014, 2015, 2016, 2017, 2018, 2019, 2020, 2021, 2022, 2023, 2024",https://doi.org/10.17190/AMF/2204880,2001,,"CO2, CO2_SIGMA, COND_WATER, FC, G, GPP, H, H2O, H2O_SIGMA, LE, LW_IN, LW_OUT, MO_LENGTH, NEE, NETRAD, P, PA, PPFD_DIF, PPFD_DIR, PPFD_IN, PPFD_OUT, RECO, RH, SC, SWC, SW_IN, SW_OUT, SWP, TA, TAU, TS, T_SONIC, T_SONIC_SIGMA, TW, U_SIGMA, USTAR, VPD, V_SIGMA, WD, WS, W_SIGMA, WTD, ZL",
US-Ton,Tonzi Ranch,Dennis Baldocchi (Baldocchi@berkeley.edu),CC-BY-4.0,Yes,Yes,WSA,"Woody Savannas: Lands with herbaceous and other understory systems, and with forest canopy cover between 30-60%. The forest cover height exceeds 2 meters.",Csa,"Mediterranean: mild with dry, hot summer",559,15.8,USA,38.4309,-120.966,177,25,2001,2025,"2001, 2002, 2003, 2004, 2005, 2006, 2007, 2008, 2009, 2010, 2011, 2012, 2013, 2014, 2015, 2016, 2017, 2018, 2019, 2020, 2021, 2022, 2023, 2024, 2025",https://doi.org/10.17190/AMF/1245971,2001,2024,"2001, 2002, 2003, 2004, 2005, 2006, 2007, 2008, 2009, 2010, 2011, 2012, 2013, 2014, 2015, 2016, 2017, 2018, 2019, 2020, 2021, 2022, 2023, 2024",https://doi.org/10.17190/AMF/2204880,2001,,"CO2, CO2_SIGMA, COND_WATER, FC, G, GPP, H, H2O, H2O_SIGMA, LE, LW_IN, LW_OUT, MO_LENGTH, NEE, NETRAD, P, PA, PPFD_DIF, PPFD_DIR, PPFD_IN, PPFD_OUT, RECO, RH, SC, SWC, SW_IN, SW_OUT, SWP, TA, TAU, TS, T_SONIC, T_SONIC_SIGMA, TW, U_SIGMA, USTAR, VPD, V_SIGMA, WD, WS, W_SIGMA, WTD, ZL",
US-Uaf,"University of Alaska, Fairbanks",Yoshinobu Harazono (harazono2009gl@gmail.com),CC-BY-4.0,Yes,No,ENF,Evergreen Needleleaf Forests: Lands dominated by woody vegetation with a percent cover >60% and height exceeding 2 meters. Almost all trees remain green all year. Canopy is never without green foliage.,Dwc,"Subarctic: severe, dry winter, cool summer ",263,-2.9,USA,64.8663,-147.8555,155,22,2003,2024,"2003, 2004, 2005, 2006, 2007, 2008, 2009, 2010, 2011, 2012, 2013, 2014, 2015, 2016, 2017, 2018, 2019, 2020, 2021, 2022, 2023, 2024",https://doi.org/10.17190/AMF/1480322,,,,,2002,,"CH4, CO2, D_SNOW, FC, FCH4, FETCH_80, G, GPP, H, LE, LW_IN, LW_OUT, NEE, NETRAD, P, PA, PPFD_BC_IN, PPFD_IN, PPFD_OUT, P_RAIN, RECO, RH, SC, SCH4, SWC, SW_IN, SW_OUT, TA, T_BOLE, T_CANOPY, TS, T_SONIC_SIGMA, TW, U_SIGMA, USTAR, V_SIGMA, WD, WS, W_SIGMA, WTD",
US-UMB,Univ. of Mich. Biological Station,Gil Bohrer (bohrer.17@osu.edu),CC-BY-4.0,Yes,Yes,DBF,Deciduous Broadleaf Forests: Lands dominated by woody vegetation with a percent cover >60% and height exceeding 2 meters.  Consists of broadleaf tree communities with an annual cycle of leaf-on and leaf-off periods.,Dfb,Warm Summer Continental: significant precipitation in all seasons ,803,5.83,USA,45.5598,-84.7138,234,26,2000,2025,"2000, 2001, 2002, 2003, 2004, 2005, 2006, 2007, 2008, 2009, 2010, 2011, 2012, 2013, 2014, 2015, 2016, 2017, 2018, 2019, 2020, 2021, 2022, 2023, 2024, 2025",https://doi.org/10.17190/AMF/1246107,2007,2021,"2007, 2008, 2009, 2010, 2011, 2012, 2013, 2014, 2015, 2016, 2017, 2018, 2019, 2020, 2021",https://doi.org/10.17190/AMF/2204882,1999,,"APAR, CO2, FAPAR, FC, G, GPP, H, H2O, LE, LW_IN, LW_OUT, NEE, NETRAD, P, PA, PPFD_DIF, PPFD_IN, PPFD_OUT, RECO, RH, SC, SH, SLE, SWC, SW_DIF, SW_IN, SW_OUT, TA, TS, USTAR, VPD, WD, WS, ZL",
US-Var,Vaira Ranch- Ione,Dennis Baldocchi (Baldocchi@berkeley.edu),CC-BY-4.0,Yes,Yes,GRA,"Grasslands: Lands with herbaceous types of cover. Tree and shrub cover is less than 10%. Permanent wetlands lands with a permanent mixture of water and herbaceous or woody vegetation. The vegetation can be present in either salt, brackish, or fresh water.",Csa,"Mediterranean: mild with dry, hot summer",559,15.8,USA,38.4133,-120.9508,129,26,2000,2025,"2000, 2001, 2002, 2003, 2004, 2005, 2006, 2007, 2008, 2009, 2010, 2011, 2012, 2013, 2014, 2015, 2016, 2017, 2018, 2019, 2020, 2021, 2022, 2023, 2024, 2025",https://doi.org/10.17190/AMF/1245984,2000,2021,"2000, 2001, 2002, 2003, 2004, 2005, 2006, 2007, 2008, 2009, 2010, 2011, 2012, 2013, 2014, 2015, 2016, 2017, 2018, 2019, 2020, 2021",https://doi.org/10.17190/AMF/1993904,2000,,"CO2, CO2_SIGMA, FC, G, GPP, H, H2O, H2O_SIGMA, LE, LW_IN, LW_OUT, MO_LENGTH, NEE, NETRAD, P, PA, PPFD_DIF, PPFD_DIR, PPFD_IN, PPFD_OUT, RECO, RH, SWC, SW_IN, SW_OUT, TA, TAU, TS, T_SONIC, T_SONIC_SIGMA, U_SIGMA, USTAR, VPD, V_SIGMA, WD, WS, W_SIGMA, ZL",
US-WCr,Willow Creek,Ankur Desai (desai@aos.wisc.edu),CC-BY-4.0,Yes,No,DBF,Deciduous Broadleaf Forests: Lands dominated by woody vegetation with a percent cover >60% and height exceeding 2 meters.  Consists of broadleaf tree communities with an annual cycle of leaf-on and leaf-off periods.,Dfb,Warm Summer Continental: significant precipitation in all seasons ,787,4.02,USA,45.8059,-90.0799,520,28,1998,2025,"1998, 1999, 2000, 2001, 2002, 2003, 2004, 2005, 2006, 2007, 2008, 2009, 2010, 2011, 2012, 2013, 2014, 2015, 2016, 2017, 2018, 2019, 2020, 2021, 2022, 2023, 2024, 2025",https://doi.org/10.17190/AMF/1246111,,,,,1999,,"CO2, FC, G, GPP, H, H2O, LE, LW_IN, LW_OUT, NEE, NETRAD, P, PA, PPFD_DIF, PPFD_IN, RECO, RH, SC, SH, SLE, SWC, SW_IN, SW_OUT, TA, T_BOLE, TS, USTAR, VPD, WD, WS",
US-Whs,Walnut Gulch Lucky Hills Shrub,Russell Scott (russ.scott@ars.usda.gov),CC-BY-4.0,Yes,Yes,OSH,Open Shrublands: Lands with woody vegetation less than 2 meters tall and with shrub canopy cover between 10-60%. The shrub foliage can be either evergreen or deciduous.,Bsk,Steppe: warm winter,320,17.6,USA,31.7438,-110.0522,1370,19,2007,2025,"2007, 2008, 2009, 2010, 2011, 2012, 2013, 2014, 2015, 2016, 2017, 2018, 2019, 2020, 2021, 2022, 2023, 2024, 2025",https://doi.org/10.17190/AMF/1246113,2007,2020,"2007, 2008, 2009, 2010, 2011, 2012, 2013, 2014, 2015, 2016, 2017, 2018, 2019, 2020",https://doi.org/10.17190/AMF/1984574,2007,,"CO2, FC, G, H, H2O, LE, LW_IN, LW_OUT, NETRAD, P, PA, PPFD_IN, PPFD_OUT, RH, SWC, SW_IN, SW_OUT, TA, T_CANOPY, TS, T_SONIC, USTAR, WD, WS",
US-xHE,NEON Healy (HEAL),National Ecological Observatory Network (neon-ameriflux@battelleecology.org),CC-BY-4.0,Yes,Yes,OSH,Open Shrublands: Lands with woody vegetation less than 2 meters tall and with shrub canopy cover between 10-60%. The shrub foliage can be either evergreen or deciduous.,ET,Tundra,320,-4,USA,63.8757,-149.2133,705,8,2017,2024,"2017, 2018, 2019, 2020, 2021, 2022, 2023, 2024",https://doi.org/10.17190/AMF/1617729,2019,2024,"2019, 2020, 2021, 2022, 2023, 2024",https://doi.org/10.17190/AMF/1985442,2017,,"CH4, CH4_MIXING_RATIO, CO2, CO2C13, CO2_MIXING_RATIO, FC, FETCH_90, FETCH_MAX, G, H, H2O, H2O_MIXING_RATIO, LE, LW_BC_IN, LW_BC_OUT, LW_IN, LW_OUT, NEE, NETRAD, P, PA, PPFD_BC_IN, PPFD_IN, PPFD_OUT, RH, SC, SH, SLE, SWC, SW_DIF, SW_IN, SW_OUT, TA, T_CANOPY, TS, T_SONIC, T_SONIC_SIGMA, USTAR, VPD, V_SIGMA, WD, WS, WS_MAX",